Course Code,Course Title,EOS 2021,EOS Mid 2021,EOS 2020,EOS Mid 2020,EOS 2019,EOS Mid 2019,EOS 2018,EOS Mid 2018
AL801,Software Design for Virtual Reality and Gaming,300,359.0,303,367.0,304,328,295,326
AL802,Software Design in Artificial Intelligence for Cloud Computing,313,381.0,332,382.0,301,306,,
AL803,Software Design for Mobile Apps and Connected Devices,350,398.0,337,360.0,309,337,,
AL805,Computer Engineering for Network Infrastructure,321,381.0,333,360.0,329,442,,
AL810,Quantity Surveying,328,377.0,326,352.0,307,349,300,340
AL811,Civil Engineering,,0.0,320,432.0,,,,
AL820,Mechanical and Polymer Engineering,327,398.0,308,379.0,300,358,299,371
AL830,General Nursing,440,455.0,442,463.0,410,429,418,440
AL832,Mental Health Nursing,431,451.0,384,399.0,387,403,377,388
AL835,Pharmacology,356,429.0,,,,,,
AL836,Nutrition and Health Science,346,398.0,334,379.0,352,383,354,389
AL837,Sports Science with Exercise Physiology,357,409.0,351,384.0,351,392,346,369
AL838,Biotechnology,324,434.0,307,356.0,302,372,301,338
AL839,Microbiology,325,408.0,325,393.0,322,371,318,380
AL840,Pharmaceutical Sciences,346,402.0,347,403.0,328,411,312,388
AL841,Athletic and Rehabilitation Therapy,462,489.0,430,465.0,423,430,402,431
AL842,Bioveterinary Science,338,413.0,313,383.0,310,366,304,367
AL843,Physical Activity and Health Science,306,358.0,306,326.0,310,330,317,337
AL849,Culinary Entrepreneurship,297,327.0,,,,,,
AL850,Business,309,369.0,309,377.0,307,356,308,359
AL851,Business and Law,302,357.0,295,351.0,301,341,300,359
AL852,Accounting,336,466.0,309,422.0,290,346,306,366
AL854,Sport Management (with international placement),299,349.0,299,338.0,,,,
AL855,Hospitality Management (with international placement),309,378.0,308,347.0,312,357,310,337
AL857,Digital Marketing,304,398.0,304,332.0,300,360,,
AL859,International Business,308,371.0,,,,,,
AL860,Social Care Practice,301,359.0,300,348.0,309,338,300,338
AL861,Animation and Illustration (portfolio),575,760.0,578,878.0,615,899,789,948
AL863,Graphic and Digital Design (portfolio),747,808.0,781,824.0,703,898,,
AL864,Early Years Care and Education,306,366.0,307,346.0,307,348,,
AL870,Applied Psychology,452,480.0,418,444.0,409,445,366,390
CW018,Business (options),307,381.0,248,312.0,327,349,250,356
CW028,Early Childhood Education and Care,260,378.0,252,301.0,252,308,249,308
CW038,Art (portfolio),700,700.0,700,700.0,700,700,700,700
CW048,Creative Computing and Digital Innovation,,0.0,,,,,,
CW058,Tourism and Event Management,292,356.0,298,348.0,252,262,,
CW068,Applied Social Studies in Professional Social Care,250,306.0,245,292.0,251,280,260,287
CW078,Sustainable Farm Management and Agribusiness,270,363.0,269,327.0,266,320,270,324
CW088,Visual Communications and Design,270,290.0,274,340.0,309,345,270,327
CW108,Science (options),266,361.0,261,346.0,261,326,276,329
CW128,Brewing and Distilling,307,349.0,263,318.0,271,298,,
CW138,Sport and Exercise Science,423,462.0,423,444.0,,,,
CW148,Strength and Conditioning,388,409.0,379,400.0,,,,
CW188,Sport Rehabilitation and Athletic Therapy,451,488.0,448,466.0,454,473,440,464
CW208,Computer Games Development,272,333.0,279,327.0,281,338,280,347
CW238,Software Development,295,387.0,297,341.0,300,343,298,326
CW248,Information Technology Management,293,338.0,285,385.0,307,357,288,329
CW258,Cybercrime and IT Security,292,382.0,293,358.0,300,328,290,319
CW268,Computing in Interactive Digital Art and Design,291,384.0,287,369.0,274,321,,
CW438,Construction (options),251,336.0,272,336.0,271,308,263,303
CW468,Architectural Technology,283,353.0,262,358.0,252,290,260,317
CW478,Civil Engineering,465,465.0,433,492.0,348,383,331,372
CW548,Mechanical Engineering,328,396.0,321,371.0,310,351,323,352
CW558,Electronic Systems,280,380.0,280,361.0,279,338,262,323
CW568,Aerospace Engineering,359,433.0,380,442.0,366,422,368,412
CW578,TV and Media Production,318,358.0,325,420.0,327,361,360,388
CW708,Law - LLB,292,390.0,302,349.0,298,328,298,343
CW728,Product Design Innovation,246,370.0,252,359.0,286,355,252,330
CW748,Early Childhood Education and Care,290,377.0,270,327.0,265,338,275,308
CW758,Professional Social Care Practice,358,397.0,336,358.0,290,319,270,317
CW808,Media and Public Relations,247,316.0,251,298.0,248,307,252,336
CW848,Digital Marketing with Analytics,269,336.0,269,326.0,279,307,,
CW858,"Sports Management and Coaching (options, portfolio)",700,700.0,700,700.0,700,700,700,700
CW908,Business (options),272,348.0,280,357.0,260,307,270,307
CW938,Business with Law,270,382.0,283,301.0,270,288,281,338
CW948,Accounting,319,454.0,300,364.0,301,408,307,361
PC405,"Social, Political and Community Studies",235,298.0,216,311.0,251,296,227,255
PC410,Arts and Humanities (fulfils Teaching Council requirements),230,336.0,209,300.0,203,289,219,289
PC411,English and History (fulfils Teaching Council requirements),224,356.0,209,310.0,168,289,228,288
CR105,Chemical and Biopharmaceutical Engineering,443,532.0,443,532.0,432,498,444,510
CR106,Software Development,431,476.0,411,463.0,351,393,350,403
CR108,Mechanical Engineering,434,509.0,434,509.0,425,487,416,490
CR109,Structural Engineering,396,465.0,394,423.0,341,467,366,466
CR110,Automotive Business Management and Technology,336,388.0,311,362.0,318,347,,
CR112,Creative Digital Media at CIT Crawford College of Art and Design,390,455.0,361,430.0,335,389,336,391
CR116,Computer Systems,365,400.0,332,393.0,318,381,316,347
CR121,Music at CIT Cork School of Music,904,1141.0,912,1078.0,633,1052,628,1016
CR125,Popular Music at CIT Cork School of Music,1028,1029.0,1088,1088.0,972,1021,836,875
CR130,Musical Theatre at CIT Cork School of Music,525,600.0,505,600.0,500,600,,
CR150,Business Information Systems,350,409.0,335,391.0,326,371,316,362
CR210,"Contemporary Applied Art (Ceramics, Glass, Textiles) at CIT Crawford",450,450.0,,,979,979,666,833
CR220,Fine Art at CIT Crawford College of Art and Design,400,400.0,,,620,819,565,877
CR225,Photography with New Media at CIT Crawford College of Art and Design,435,560.0,,,920,920,,
CR305,Physical Sciences (Common Entry),260,357.0,282,356.0,279,309,320,328
CR310,IT Management,347,372.0,297,339.0,282,317,290,342
CR320,Biomedical Science - Offered jointly by CIT and UCC,590,601.0,565,577.0,546,556,521*,542
CR325,Pharmaceutical Biotechnology,466,488.0,398,440.0,388,422,371,409
CR333,Nutrition and Health Science,425,455.0,402,433.0,360,393,350,389
CR335,Biological Sciences (Common Entry),473,507.0,420,451.0,381,419,381,419
CR340,Analytical Chemistry with Quality Assurance,327,400.0,251,366.0,288,315,327,357
CR360,Instrument Engineering,301,378.0,261,388.0,291,329,297,362
CR365,Environmental Science and Sustainable Technology,262,347.0,253,341.0,334,362,307,366
CR370,Agri-Biosciences,368,423.0,397,453.0,408,431,,
CR400,Accounting,315,423.0,316,413.0,316,389,308,377
CR420,Marketing,290,357.0,285,346.0,288,329,288,337
CR425,International Business with Language,279,419.0,298,412.0,300,392,289,369
CR430,Sport and Exercise Management,402,434.0,322,407.0,,,,
CR440,Montessori Education,408,431.0,288,362.0,,,,
CR500,Engineering (Common Entry),475,499.0,411,465.0,381,424,391,434
CR510,Sustainable Energy Engineering,320,393.0,320,389.0,319,343,300,368
CR520,Biomedical Engineering,444,498.0,444,488.0,434,477,433,499
CR560,Architectural Technology,375,436.0,308,377.0,288,332,273,340
CR565,Interior Architecture,431,465.0,359,423.0,336,390,302,367
CR570,Quantity Surveying,375,429.0,336,392.0,279,342,282,351
CR572,Construction Management,300,349.0,269,318.0,253,300,252,299
CR580,Electrical Engineering,342,401.0,318,377.0,344,374,300,358
CR590,Electronic Engineering,329,409.0,303,379.0,342,411,300,372
CR600,Visual Communications at CIT Crawford College of Art and Design,280,510.0,,,587,888,640,935
CR660,Tourism Management,246,328.0,252,325.0,249,290,225,292
CR700,Theatre and Drama Studies at CIT Cork School of Music,609,894.0,645,982.0,768,906,703,977
CR930,Home Economics and Business,510,542.0,,,,,,
CK101,Arts - 3 years,300,400.0,300,388.0,300,368,300,368
CK102,Social Science,420,462.0,412,451.0,391,431,387,422
CK104,Arts with Music - 3 or 4 years (BMus or Chinese/European/Int`l Pathway),339,485.0,302,435.0,340,409,368,450
CK105,Film and Screen Media - 3 years or 4 years (International Pathway),420,488.0,319,418.0,397,442,400,462
CK107,Geographical and Archaeological Sciences - 3 or 4 years (Int`l Pathway),312,425.0,328,388.0,326,388,318,370
CK108,Arts International - 4 years,440,487.0,401,466.0,429,466,423,474
CK109,English - 3 years or 4 years (International Pathway),352,462.0,318,441.0,347,423,355,419
CK110,World Languages,488,522.0,410,506.0,456,506,452,507
CK111,Early Years and Childhood Studies,378,445.0,419,451.0,398,429,388,421
CK112,Theatre and Performative Practices - 3 or 4 years (Int`l Pathway),371,533.0,330,434.0,324,470,334,430
CK113,Criminology - 3 years or 4 years (International Pathway),456,486.0,423,463.0,408,430,413,441
CK114,Social Science (Youth and Community Work),,,777,,,,777,
CK115,Social Work - Mature Applicants only,,,999,,,,999,
CK118,Digital Humanities and IT - 3 or 4 years (Work Exper. or Int`l Pathway),339,444.0,336,378.0,307,361,338,393
CK120,Applied Psychology,543,555.0,531,555.0,506,532,485,521
CK121,Psychology and Computing - 3 or 4 years (Work Experience Pathway),478,522.0,466,496.0,393,466,401,445
CK122,Government and Political Science,397,465.0,326,403.0,355,410,,
CK123,Anthropology,308,429.0,308,410.0,,,,
CK124,Education - Gaeilge,473,522.0,452,495.0,,,,
CK125,Sports Studies and Physical Education,555,589.0,509,532.0,,,,
CK201,Commerce,499,532.0,477,509.0,465*,489,456,487
CK202,Accounting,532,566.0,509,542.0,467,506,452,498
CK203,Business Information Systems,445,490.0,430,467.0,409,444,430,466
CK204,Finance,566,601.0,556,590.0,531,555,520,554
CK205,Commerce (International) with French,462,522.0,445,495.0,409,473,462,495
CK206,Commerce (International) with German,455,521.0,418,476.0,408,446,476,509
CK207,Commerce (International) with Italian,418,441.0,388,455.0,408,425,418,434
CK208,Commerce (International) with Hispanic Studies,477,528.0,402,484.0,431,455,441,473
CK209,Commerce (International) with Irish,507,534.0,484,531.0,509,528,485,521
CK211,Commerce (International) with Chinese Studies,385,477.0,397,433.0,398,420,409,444
CK212,Economics (through Transformational Learning) 3 or 4 years Int`l Pathway,431,474.0,444,473.0,400,429,,
CK213,Food Marketing and Entrepreneurship,466,498.0,462,476.0,,,,
CK214,International Development,332,451.0,346,422.0,,,,
CK301,Law (Pathways) -  3 or 4 years,532,556.0,498,531.0,476,519,495,517
CK302,Law and French,545,564.0,542,576.0,453,531,542,566
CK304,Law and Irish,588,601.0,540,565.0,462,510,507,532
CK307,Law and Business,589,601.0,556,589.0,522,554,542,567
CK401,Computer Science,488,531.0,468,509.0,402,456,398,436
CK402,Biological and Chemical Sciences,554,577.0,509,532.0,498,520,487,520
CK404,"Biological, Earth and Environmental Sciences",487,521.0,465,498.0,412,451,431,462
CK405,Genetics,533,554.0,487,498.0,476,496,476,487
CK406,Chemical Sciences,532,554.0,462,494.0,457,488,462,477
CK407,Mathematical Sciences,566,601.0,565,601.0,531,578,543,578
CK408,Physics and Astrophysics,555,601.0,531,589.0,511,566,521,565
CK409,Industrial Physics - Offered jointly by UCC and CIT,465,509.0,432,499.0,413,532,511,531
CK411,Data Science and Analytics,531,577.0,509,554.0,509,542,455,509
CK412,Agricultural Science,506,544.0,489,510.0,457,509,,
CK504,Nutritional Sciences,544,566.0,517,554.0,492,509,507,520
CK505,Food Science,463,489.0,420,465.0,444,477,447,473
CK600,Engineering,499,555.0,487,532.0,465,532,443,521
CK606,Architecture - Offered jointly by UCC and CIT,543,565.0,469,510.0,465,496,433,476
CK701,Medicine (Undergraduate Entry - HPAT required),737,743.0,731,739.0,729,740,729,737
CK702,Dentistry,625,625.0,613,613.0,590,613,589,590
CK703,Pharmacy,613,625.0,589,602.0,577,589,555,567
CK704,Occupational Therapy,590,602.0,555,577.0,532*,554,522,543
CK705,Speech and Language Therapy,566,589.0,520,541.0,509,529,509*,530
CK706,Public Health Sciences,500,532.0,454,477.0,419,451,440,473
CK707,Medical and Health Sciences,578,601.0,541,555.0,510*,543,531,566
CK710,General Nursing,495,519.0,454,477.0,440,466,440*,473
CK712,Children`s and General Nursing (Integrated),565,578.0,533,553.0,499,520,510,543
CK720,Mental Health Nursing,452,467.0,419,440.0,398,429,414,431
CK730,Intellectual Disability Nursing,429,451.0,400,433.0,359,388,409*,434
CK740,Midwifery,509,543.0,473,507.0,444,474,440,455
CK791,Medicine  - Graduate Entry (GAMSAT required),60,61.0,57,58.0,58*,59,57*,58
AC120,International Business,294,352.0,209,280.0,234,269,269,288
AC137,Liberal Arts,270,334.0,252,270.0,252,275,219,298
CT125,Computing and IT,242,334.0,220,299.0,235,280,263,263
CT325,Business,253,337.0,281,338.0,,,289,289
CM001,Education - Primary Teaching,508,518.0,484,487.0,452*,462,462,473
CM002,Education - Primary Teaching - Gaeltacht Applicants,462,506.0,,,421,440,434,447
CM003,Oideachas - Bunmhúinteoireacht Trí Mheán na Gaeilge,513,546.0,528,570.0,491,506,,
CM004,Oideachas - Bunmhúinteoireacht Trí Mheán na Gaeilge (daltaí Gaeltachta),480,618.0,494,513.0,492,569,,
CM010,Education Studies,327,440.0,317,407.0,317,373,326,392
CM020,Early Childhood Education,317,377.0,327,390.0,336,363,326,356
DB500,Computing,204,333.0,218,301.0,242,320,209,243
DB501,Computing (Cloud Computing),178,309.0,227,280.0,326,329,276,281
DB502,Computing (Data Analytics and Big Data),233,351.0,334,377.0,269,269,243,243
DB503,Computing (Software Development),,0.0,225,281.0,242,282,278,308
DB504,Computing (Web and Mobile Technology),,0.0,281,281.0,227,269,,
DB510,Audio Production and Music Project Management,217,317.0,223,290.0,233,293,,
DB512,Business Studies,210,347.0,203,308.0,229,301,236,332
DB514,Business Studies (Law),225,346.0,251,270.0,269,337,200,306
DB515,Business Studies (Human Resource Management),217,318.0,244,326.0,225,288,262,280
DB517,Marketing (Event Management),225,336.0,238,309.0,226,327,223,287
DB518,Marketing (Digital Media),209,354.0,,,210,289,230,358
DB521,Accounting and Finance,228,379.0,195,318.0,225,271,254,295
DB524,Business (Information Systems),239,327.0,309,409.0,402,402,,
DB525,Marketing (Digital Media and Cloud Computing),288,337.0,,,284,309,230,230
DB526,Business (Cloud Computing),244,327.0,347,423.0,253,288,272,291
DB527,Applied Social Care,219,308.0,234,306.0,235,288,,
DB531,Marketing,176,368.0,293,336.0,220,288,230,298
DB562,Psychology,233,342.0,229,322.0,208,310,202,300
DB566,Social Science,228,319.0,220,290.0,216,308,210,288
DB567,Film and Creative Media,213,298.0,202,290.0,192,295,209,294
DB568,Law,228,347.0,217,309.0,245,308,203,300
DB569,Business (Psychology),240,338.0,252,284.0,279,338,253,295
DC001,Education - Early Childhood Education,445,474.0,440,462.0,398,424,388,418
DC002,Education - Primary Teaching,518,543.0,488,520.0,462*,485,464,496
DC003,Education - Primary Teaching - Gaeltacht Applicants,496,509.0,445,462.0,433,473,424,443
DC004,Education - Primary Teaching (Church of Ireland Centre formerly CICE),451,,409,463.0,357,,397,397
DC009,Arts (Joint Honours) - Humanities,356,431.0,376,423.0,347,408,356,399
DC010,Post Primary Teacher Education - Religious Education and English,384,441.0,429,465.0,386,413,349,419
DC011,Post Primary Teacher Education - Religious Education and History,409,455.0,391,429.0,352,389,373,409
DC012,Post Primary Teacher Education - Religious Education and Music,409,451.0,378,420.0,367,415,367,410
DC013,Post Primary Teacher Ed - Gaeilge with French/German/Spanish,413,510.0,419,487.0,410,509,,
DC014,BA in Jazz and Contemporary Music Performance (audition),311,634.0,419,605.0,428,590,248,389
DC110,Business Studies International,498,526.0,465,488.0,440,462,445,475
DC111,Business Studies,511,532.0,488,507.0,463,479,463,484
DC112,Global Business (France),542,564.0,510,532.0,495,510,487,510
DC113,Global Business (Germany),484,529.0,462,496.0,440,476,455,499
DC114,Global Business (Spain),544,562.0,522,545.0,501,543,499,543
DC115,Accounting and Finance,544,578.0,510,544.0,487,500,480,499
DC116,Global Business (USA),613,625.0,579,601.0,578,589,578,589
DC117,Aviation Management / Aviation Management with Pilot Studies,484,520.0,475,500.0,463,487,456,487
DC118,Gnó agus Gaeilge / Business and Irish,368,419.0,359,429.0,357,399,362,403
DC119,Global Business (Canada),601,601.0,564,577.0,566,577,565,566
DC120,Computing for Business,402,440.0,357,392.0,350,389,354,392
DC121,Computer Science,476,498.0,400,455.0,370,418,377,418
DC123,Data Science,501,542.0,465,531.0,467,511,476,531
DC126,Actuarial Mathematics,577,601.0,560,578.0,520,543,520,544
DC127,Common Entry into Actuarial and Financial Mathematics,541,566.0,520,543.0,509,531,509,521
DC131,Communication Studies,421,479.0,402,451.0,400,441,403,462
DC132,Journalism,452,487.0,422,466.0,401,440,400,442
DC133,Multimedia,435,473.0,410,451.0,403,451,410,451
DC155,Applied Language and Translation Studies,431,476.0,387,444.0,371,430,388,442
DC161,Analytical Science,498,521.0,489,510.0,446,463,455,467
DC162,Chemical and Pharmaceutical Sciences,532,543.0,521,544.0,488,498,476,487
DC163,Chemical Sciences General Entry (Undenominated Entry),466,510.0,,,,,,
DC166,Environmental Science and Technology,423,466.0,399,441.0,412,442,341,392
DC168,Genetics and Cell Biology,543,555.0,510,529.0,489,500,487,498
DC175,Physics General Entry (options),400,479.0,402,467.0,,,,
DC180,Biological Sciences General Entry (Undenominated Entry),530,543.0,,,,,,
DC181,Biotechnology,530,544.0,495,511.0,476,488,476,500
DC190,Electronic and Computer Engineering (with choice of four majors),488,532.0,413,465.0,391,433,393,476
DC193,Mechatronic Engineering,490,532.0,411,487.0,404,445,403,487
DC194,Sustainable Systems and Energy,488,509.0,,,,,,
DC195,Mechanical and Manufacturing Engineering,500,521.0,425,487.0,401,444,400,445
DC197,Biomedical Engineering,510,543.0,423,477.0,402,446,402,458
DC200,Common Entry into Engineering (Undenominated Entry),510,543.0,422,487.0,381,444,382,455
DC202,Sport Science and Health,511,532.0,498,521.0,467,476,473,487
DC203,Science Education,462,509.0,435,487.0,424,476,422,455
DC204,Athletic Therapy and Training,558,578.0,519,533.0,484,500,498,521
DC205,Physical Education with Biology,565,578.0,531,553.0,490,521,511,530
DC206,Physical Education with Mathematics,521,544.0,499,520.0,443,476,487,509
DC207,Psychology and Mathematics,521,543.0,,,,,,
DC208,Psychology,565,577.0,521,533.0,509,521,488,509
DC209,Health and Society,477,509.0,440,466.0,419,440,430,465
DC210,Psychology and Disruptive Technologies,506,532.0,,,,,,
DC215,General Nursing,456,485.0,433,462.0,414,443,420,434
DC216,Mental Health Nursing,420,440.0,403,424.0,368,389,380,389
DC217,Intellectual Disability Nursing,382,402.0,370,390.0,347,362,366,378
DC218,Children`s and General Nursing (Integrated),521,554.0,498,522.0,467,480,473,488
DC230,"Economics, Politics and Law",431,468.0,435,462.0,400,431,400,431
DC231,International Relations,399,458.0,397,433.0,387,445,400,452
DC232,Law and Society (BCL),469,511.0,466,496.0,453,487,455,477
DC235,Education and Training - Daytime and Flexible Delivery Mode (full-time),302,370.0,309,357.0,307,327,306,346
DC238,Social Sciences and Cultural Innovation,387,440.0,377,411.0,358,388,366,388
DC240,"Marketing, Innovation and Technology",499,532.0,474,498.0,451,474,451,476
DC241,Digital Business and Innovation,509,533.0,,,,,,
DC291,Arts (Joint Honours) - Media Studies,350,440.0,376,409.0,349,392,354,398
DC292,Arts (Joint Honours) - Law,400,440.0,403,430.0,356,388,351,389
DC293,Arts (Joint Honours) - International Languages,379,467.0,377,466.0,369,400,358,429
DC294,Climate and Environmental Sustainability,475,489.0,,,,,,
DC295,Arts (Joint Honours) - Politics,349,409.0,376,409.0,348,387,350,390
DL822,Arts Management,254,356.0,235,337.0,209,319,193,298
DL823,Business Management,220,318.0,237,325.0,260,316,214,297
DL825,Applied Psychology,413,462.0,379,434.0,349,413,371,411
DL826,Graphic Design,591,824.0,855,1024.0,736,989,988,1045
DL827,Art,574,906.0,572,941.0,583,902,549,773
DL832,Animation,989,1098.0,920,1022.0,855,1055,929,1044
DL833,Photography and Visual Media,665,877.0,667,854.0,636,791,566,812
DL836,Creative Computing,235,339.0,219,300.0,217,326,200,318
DL837,New Media Studies,293,359.0,201,316.0,290,349,306,347
DL838,Creative Music Production,713,979.0,754,972.0,746,873,856,925
DL839,Interaction and User Experience Design,757,1087.0,683,990.0,,,,
DL840,Digital Marketing,210,347.0,228,327.0,,,,
DL841,English and Equality Studies,277,357.0,276,341.0,,,,
DL843,Film,874,1000.0,,,,,,
DL844,Television,566,947.0,,,,,,
DL845,Design for Film (degree options),630,900.0,,,,,,
GC200,Business,242,377.0,252,369.0,269,359,263,361
GC201,Accounting and Finance,226,270.0,303,388.0,251,388,265,388
GC230,Computing Science,289,351.0,325,393.0,228,327,256,297
GC250,Communications and Media Production,,,,,,,,
GC300,Business,264,377.0,390,432.0,251,302,290,399
GC301,Accounting and Finance,251,251.0,253,346.0,307,314,,
GC302,Business - HRM,329,377.0,,,269,269,,
GC307,Business (Marketing),270,289.0,,,,,,
GC400,Business,228,318.0,248,281.0,246,297,254,326
GC401,Accounting and Finance,242,337.0,202,343.0,181,309,218,312
GC402,Business (HRM),,0.0,218,236.0,217,290,262,320
GC403,Law,242,319.0,228,328.0,225,308,218,297
GC407,Business (Marketing),176,318.0,218,321.0,246,330,235,285
GC430,Computing Science,251,325.0,220,298.0,217,269,219,339
GC450,Communications and Media Production,225,321.0,254,280.0,227,307,193,316
GC462,Design Communication (portfolio),300,300.0,,,,,,
GC489,Interior Architecture (portfolio),274,429.0,254,301.0,267,361,,
GC494,Fashion Design (portfolio),309,588.0,217,412.0,,,346,346
BY001,Business,210,323.0,,,,,,
ID001,Accounting and Finance,,0.0,203,253.0,229,291,310,310
ID002,Business Studies,273,340.0,294,309.0,285,366,,
AD101,"First Year Art and Design (Common Entry,portfolio)",554,604.0,,, +mat,550,,
AD102,Graphic Design and Moving Image Design (portfolio),538,625.0,,, +mat,635,,
AD103,Textile and Surface Design and Jewellery and Objects (portfolio),505,581.0,,, +mat,545,,
AD202,"Education and Design or Fine Art (Second Level Teaching,portfolio))",591,620.0,,, +mat,580,,
AD204,Fine Art (portfolio),514,583.0,,, +mat,600,,
AD211,Fashion Design (portfolio),679,679.0,,, +mat,600,,
AD212,Product Design (portfolio),413,569.0,,, +mat,600,,
AD215,Visual Culture,300,380.0,320,389.0,300,338,279,
AD217,Illustration (portfolio),738,,,, +mat,625,,
AD222,Interaction Design (portfolio),444,488.0,,, +mat,657,,
NC003,Computing (Degree Award options),271,334.0,260,303.0,261,316,280,318
NC005,Human Resource Management,301,360.0,300,331.0,297,320,301,331
NC009,Business,300,371.0,300,346.0,297,339,300,342
NC010,Psychology,420,465.0,400,440.0,366,399,350,377
NC020,Marketing Practice,270,329.0,282,338.0,270,307,303,337
NC022,Accounting and Finance,330,390.0,337,378.0,338,376,341,391
NC023,Technology Management (with specialisations),266,356.0,261,282.0,260,303,289,328
NC030,Early Childhood Education and Care,251,308.0,,,,,,
RC001,Medicine - Undergraduate Entry (HPAT required),740,741.0,733,738.0,729,733,730*,731
RC004,Physiotherapy,589,589.0,566,567.0,532*,542,532*,543
RC005,Pharmacy,602,613.0,578,589.0,555,566,544,554
RC101,Medicine - Graduate Entry (GAMSAT required),62,66.0,61,63.0,60,62,58*,61
NM801,Montessori Education,262,320.0,220,290.0,,,,
NM802,Psychology,228,338.0,,,,,,
TU801,Sustainable Energy Engineering,235,329.0,235,381.0,,,,
TU802,Electrical Services and Energy Management,290,359.0,300,352.0,,,,
TU804,Engineering (Common Entry with Award options),270,361.0,271,338.0,,,,
TU805,Engineering (General Entry),465,499.0,402,466.0,,,,
TU807,Computer Engineering in Mobile Systems,274,339.0,276,305.0,,,,
TU810,Mechatronic Engineering,271,399.0,271,312.0,,,,
TU811,Product Design,434,479.0,411,444.0,,,,
TU812,"Design,Technology and Innovation",278,335.0,270,350.0,,,,
TU814,Sustainable Transport Management,253,349.0,251,372.0,,,,
TU828,Mechanical Engineering (General Entry),300,386.0,,,,,,
TU829,Electronic Engineering (General Entry),243,354.0,,,,,,
TU831,Architectural Technology,423,455.0,410,444.0,,,,
TU832,Architecture (Suitability Test and Interview),638,682.0,622,658.0,,,,
TU833,Construction Management,396,429.0,367,404.0,,,,
TU834,Geographic Science,315,370.0,288,357.0,,,,
TU835,Planning and Environmental Management,330,393.0,313,349.0,,,,
TU836,Property Economics (Valuation Surveying),411,444.0,401,433.0,,,,
TU837,Quantity Surveying and Construction Economics,413,455.0,385,418.0,,,,
TU838,Sustainable Timber Technology,271,385.0,,,,,,
TU851,"Analytical Chemistry (Environmental, Forensic and Pharmaceutical)",400,464.0,349,419.0,,,,
TU852,Chemical Sciences with Medicinal Chemistry,477,499.0,476,498.0,,,,
TU854,Science (General Entry),510,532.0,476,495.0,,,,
TU855,Science with Nanotechnology,322,382.0,319,368.0,,,,
TU856,Computer Science,499,531.0,476,487.0,,,,
TU857,Computer Science (Infrastructure),403,443.0,391,419.0,,,,
TU858,Computer Science (International),395,444.0,377,424.0,,,,
TU859,Computing,251,336.0,217,308.0,,,,
TU860,Computing (Information Technology),270,356.0,260,329.0,,,,
TU861,Computing with Language (French/German/Spanish),235,370.0,308,348.0,,,,
TU862,Computing with Artificial Intelligence Machine Learning,262,310.0,226,288.0,,,,
TU863,Digital Forensics and Cyber Security,282,346.0,280,338.0,,,,
TU864,DNA and Forensic Analysis,441,465.0,390,429.0,,,,
TU865,Cloud Computing,235,308.0,226,331.0,,,,
TU866,Biomedical and Molecular Diagnostics,522,540.0,487,498.0,,,,
TU867,Biomedical Science,565,578.0,524,542.0,,,,
TU868,Clinical Measurement Science,542,554.0,510,520.0,,,,
TU869,Environmental Health,387,434.0,336,375.0,,,,
TU870,Human Nutrition and Dietetics,600,613.0,578,589.0,,,,
TU871,Optometry,532,544.0,509,530.0,,,,
TU872,Public Health Nutrition,487,521.0,491,512.0,,,,
TU874,Mathematical Sciences,294,434.0,343,407.0,,,,
TU875,Pharmaceutical Healthcare,451,477.0,400,440.0,,,,
TU876,Pharmaceutical Science,445,474.0,349,391.0,,,,
TU877,Physics Technology,314,422.0,308,373.0,,,,
TU878,Physics with Energy and Environment,339,408.0,331,444.0,,,,
TU879,Physics with Medical Physics and Bioengineering,346,430.0,351,403.0,,,,
TU880,Physics with Data Science,412,532.0,,,,,,
TU881,Food Innovation,309,423.0,318,389.0,,,,
TU882,Nutraceuticals in Health and Nutrition,380,447.0,397,442.0,,,,
TU902,Business (options),270,327.0,271,359.0,,,,
TU903,Business and Management,477,509.0,463,485.0,,,,
TU904,Business and Law,462,486.0,462,487.0,,,,
TU905,Economics and Finance,460,488.0,465,488.0,,,,
TU906,Human Resource Management,377,412.0,395,414.0,,,,
TU907,Logistics and Supply Chain Management,300,367.0,300,387.0,,,,
TU910,Accounting,420,462.0,444,466.0,,,,
TU912,Business Analytics,311,367.0,330,366.0,,,,
TU914,Business Computing,322,377.0,324,366.0,,,,
TU917,Law (LLB ) with a Language,356,451.0,342,433.0,,,,
TU918,Law (LLB),463,499.0,451,478.0,,,,
TU919,Advertising and Marketing Communications,219,327.0,226,311.0,,,,
TU920,Digital Marketing,270,339.0,270,318.0,,,,
TU921,Digital Marketing Technologies,230,298.0,234,300.0,,,,
TU922,Marketing,412,446.0,418,443.0,,,,
TU924,E-Commerce in Retailing,307,380.0,307,380.0,,,,
TU925,Retail and Services Management,307,368.0,301,362.0,,,,
TU932,Business (options),211,337.0,,,,,,
TU933,Accounting and Finance (campus options),251,346.0,,,,,,
TU935,Sports Management and Coaching,300,368.0,300,347.0,,,,
TU936,Sports Science and Health,484,498.0,391,419.0,,,,
TU941,Botanical Cuisine,311,380.0,249,257.0,,,,
TU942,Culinary Arts,252,348.0,212,340.0,,,,
TU943,Culinary Entrepreneurship,261,387.0,279,357.0,,,,
TU944,Culinary Science,336,393.0,316,379.0,,,,
TU951,International Hospitality and Tourism Management,244,316.0,200,298.0,,,,
TU952,International Hospitality Management,309,398.0,306,368.0,,,,
TU953,Tourism and Digital Marketing,308,366.0,290,359.0,,,,
TU954,Event Management,326,402.0,356,404.0,,,,
TU955,Sports and Leisure Management,275,349.0,217,347.0,,,,
TU961,Commercial Modern Music (BIMM - assessment/audition),536,881.0,608,848.0,,,,
TU962,"Drama (Performance, audition)",448,551.0,379,500.0,,,,
TU963,Music (audition),364,561.0,416,535.0,,,,
TU965,International Business and Languages,357,442.0,346,413.0,,,,
TU967,Languages and International Tourism,298,390.0,326,388.0,,,,
TU973,Design - Visual Communication (portfolio),700,953.0,717,865.0,,,,
TU974,Fine Art (portfolio),549,704.0,563,826.0,,,,
TU975,Interior Design (portfolio),544,919.0,632,879.0,,,,
TU976,Photography (portfolio),700,952.0,695,926.0,,,,
TU978,Creative Industries and Visual Culture,299,440.0,,,,,,
TU981,Creative Digital Media,280,347.0,282,318.0,,,,
TU982,Media Production and Digital Arts,369,412.0,311,352.0,,,,
TU983,Film and Broadcasting,453,496.0,451,484.0,,,,
TU984,Game Design,414,455.0,381,419.0,,,,
TU985,Journalism,367,409.0,322,377.0,,,,
TU989,Early Childhood Care and Education (campus options),270,337.0,,,,,,
TU991,Applied Social Studies in Social Care,326,356.0,325,352.0,,,,
TU992,Community Development and Youth Work,251,311.0,253,297.0,,,,
TU995,Early Childhood Education,378,412.0,367,409.0,,,,
TU996,Social Care,407,440.0,400,419.0,,,,
TU997,Applied Social Care,320,368.0,270,318.0,,,,
TR002,Music,477,513.0,382,468.0,414,473,345,412
TR003,History,531,558.0,456,511.0,486,518,456,490
TR004,Law,589,601.0,565,578.0,532,552,533,554
TR005,Philosophy,456,510.0,442,476.0,391,446,392,460
TR006,Psychology,578,602.0,555,578.0,555*,577,532,555
TR007,Clinical Speech and Language Studies,555,577.0,529,553.0,499,529,520,542
TR009,Music Education,486,530.0,420,532.0,430,465,455,529
TR015,"Philosophy, Political Science, Economics and Sociology",613,625.0,589,601.0,566,577,554,578
TR016,Deaf Studies,389,440.0,329,377.0,337,372,338,380
TR018,Law and French,600,613.0,565,589.0,532*,554,566*,589
TR019,Law and German,567,588.0,542,566.0,523,555,488,533
TR021,"Classics, Ancient History and Archaeology",419,501.0,370,434.0,377,495,357,475
TR022,Early and Modern Irish,377,473.0,398,451.0,347,407,344,361
TR023,English Studies,533,555.0,474,511.0,463,511,487,530
TR024,European Studies,566,589.0,530,566.0,520,544,532*,555
TR025,Drama and Theatre Studies,509,552.0,530,581.0,489,531,442,475
TR028,Ancient and Medieval History and Culture,382,474.0,342,453.0,339,451,330,431
TR031,Mathematics,577,613.0,531,589.0,566,589,520,565
TR032,Engineering,554,581.0,508,533.0,487*,520,487*,521
TR033,Computer Science,543,578.0,509,545.0,465*,488,444*,485
TR034,Management Science and Information Systems Studies,625,625.0,613,625.0,589*,602,567,589
TR035,Theoretical Physics,589,613.0,543,601.0,554,601,531,577
TR038,Engineering with Management,589,613.0,532,556.0,499,543,509*,554
TR039,"Computer Science, Linguistics and a Language",443,531.0,424,488.0,435,498,350,476
TR040,Middle Eastern and European Languages and Cultures,397,531.0,466,521.0,485,518,477,510
TR041,Religion,417,476.0,368,418.0,347,393,,
TR042,Film,518,532.0,466,498.0,,,,
TR043,History of Art and Architecture,467,519.0,354,474.0,,,,
TR051,Medicine (HPAT required),743,751.0,734,745.0,730,739,731*,741
TR052,Dental Science,625,625.0,613,625.0,590*,602,589*,601
TR053,Physiotherapy,590,601.0,566,567.0,533*,544,543*,554
TR054,Occupational Therapy,577,589.0,533,554.0,500,520,507*,520
TR055,Radiation Therapy,566,577.0,543,554.0,510,521,509*,531
TR056,Human Health and Disease,601,613.0,564,578.0,543,565,542,554
TR060,Biological and Biomedical Sciences,577,590.0,543,566.0,510*,542,500,531
TR061,Chemical Sciences,542,564.0,510,532.0,488*,520,498*,531
TR062,Geography and Geoscience,490,531.0,473,499.0,435,485,393,466
TR063,Physical Sciences,521,566.0,477,531.0,498*,543,509,554
TR064,Environmental Science and Engineering,555,578.0,,,,,,
TR072,Pharmacy,613,625.0,590,613.0,555*,577,555*,578
TR080,Global Business,613,625.0,589,601.0,565,577,555,566
TR081,"Business, Economic and Social Studies (BESS)",566,589.0,543,565.0,518*,542,511*,540
TR084,Social Studies (Social Work),484,508.0,462,495.0,420*,462,453,473
TR085,Business Studies and French,564,577.0,521,543.0,509,553,528,554
TR086,Business Studies and German,530,533.0,499,518.0,474,495,499*,523
TR087,Business Studies and Russian,487,521.0,456,488.0,467,487,429,477
TR089,Business Studies and Polish,391,432.0,424,468.0,393,434,403,446
TR090,Business Studies and Spanish,566,589.0,531,542.0,510,543,517*,544
TR091,General Nursing (Meath and St James`s),454,487.0,429,455.0,393*,420,408*,440
TR093,General Nursing (Adelaide School of Nursing),473,484.0,414,441.0,378*,409,399*,423
TR095,Mental Health Nursing,432,455.0,408,430.0,358,377,382,398
TR097,Intellectual Disability Nursing,401,419.0,378,398.0,346,350,368,388
TR111,Ancient History and Archaeology/Geography,509,530.0,352,429.0,,,,
TR112,Ancient History and Archaeology/History,577,577.0,529,,,,,
TR113,Ancient History and Archaeology/History of Art and Architecture,528,541.0,337,477.0,,,,
TR114,Ancient History and Archaeology/Modern Language,507,512.0,337,420.0,,,,
TR117,Ancient History and Archaeology/Religion,494,625.0,342,368.0,,,,
TR166,Classical Civilisation/English Literature,552,567.0,496,523.0,,,,
TR173,Classical Civilisation/History of Art and Architecture,420,487.0,335,466.0,,,,
TR177,Classical Civilisation/Modern Language,484,543.0,335,536.0,,,,
TR179,Classical Civilisation/Philosophy,521,522.0,479,518.0,,,,
TR188,Computer Science/Business Studies,584,602.0,,,,,,
TR198,Economics/Geography,954,,534,552.0,,,,
TR202,Economics/History,601,625.0,534,566.0,,,,
TR207,Economics/Mathematics,613,625.0,566,601.0,,,,
TR208,Economics/Modern Language,589,611.0,534,578.0,,,,
TR209,Economics/Philosophy,589,611.0,534,576.0,,,,
TR212,Economics/Sociology,589,606.0,534,541.0,,,,
TR214,Social Policy/Economics,611,611.0,,,,,,
TR228,Classical Languages/English Literature,555,583.0,498,533.0,,,,
TR230,Classical Languages/Linguistics,501,501.0,,,,,,
TR231,Classical Languages/History of Art and Architecture,613,613.0,349,444.0,,,,
TR233,"Classical Languages/Middle Eastern,Jewish and Islamic Civilisations",583,583.0,349,566.0,,,,
TR239,Classical Languages/Modern Language,543,558.0,349,349.0,,,,
TR240,Computer Science/Geography,482,541.0,,,,,,
TR241,Computer Science/Linguistics,495,532.0,,,,,,
TR262,English Literature/History,576,600.0,529,552.0,,,,
TR263,English Literature/History of Art and Architecture,571,576.0,497,533.0,,,,
TR269,English Literature/Philosophy,555,584.0,495,532.0,,,,
TR272,English Literature/Sociology,553,567.0,498,519.0,,,,
TR276,English Literature/Drama Studies,555,589.0,476,530.0,,,,
TR277,English Literature/Modern Language,554,586.0,489,543.0,,,,
TR311,Film/Drama Studies,578,578.0,521,557.0,,,,
TR312,Film/English Literature,576,590.0,521,541.0,,,,
TR320,Film/Music,584,601.0,521,555.0,,,,
TR322,Geography/History,613,613.0,529,555.0,,,,
TR323,Drama Studies/Modern Language,495,589.0,473,551.0,,,,
TR324,Film/Modern Language,577,589.0,521,544.0,,,,
TR325,Film/History,613,613.0,529,625.0,,,,
TR326,Geography/Modern Language,451,500.0,352,440.0,,,,
TR328,Political Science/Geography,564,590.0,,,,,,
TR332,Geography/Sociology,522,554.0,496,520.0,,,,
TR443,History/History of Art and Architecture,581,613.0,529,532.0,,,,
TR447,History/Modern Language,576,576.0,529,554.0,,,,
TR449,History/Philosophy,579,590.0,529,543.0,,,,
TR454,History/Religion,,,529,534.0,,,,
TR455,History of Art and Architecture/Modern Language,451,512.0,334,454.0,,,,
TR457,History/Political Science,576,590.0,,,,,,
TR479,History of Art and Architecture/Philosophy,519,531.0,485,555.0,,,,
TR482,Sociology/History of Art and Architecture,522,541.0,,,,,,
TR547,"Middle Eastern,Jewish and Islamic Civ./Ancient History and Archaeology",543,543.0,337,473.0,,,,
TR548,"Middle Eastern,Jewish and Islamic Civilisations/Classical Civilisation",544,544.0,335,543.0,,,,
TR554,"Middle Eastern,Jewish and Islamic Civilisations/History",576,580.0,529,555.0,,,,
TR563,"Middle Eastern,Jewish and Islamic Civilisations/Modern Language",590,590.0,335,451.0,,,,
TR564,"Middle Eastern,Jewish and Islamic Civilisations/Music",,,,,,,,
TR565,"Middle Eastern,Jewish and Islamic Civilisations/Religion",949,,342,,,,,
TR580,Business Studies/Law,625,625.0,,,,,,
TR581,History/Law,625,625.0,,,,,,
TR582,Political Science/Law,625,625.0,,,,,,
TR587,"Middle Eastern,Jewish and Islamic Civilisations/Linguistics",,,,,,,,
TR588,Linguistics/Modern Language,456,519.0,,,,,,
TR589,Linguistics/Philosophy,520,553.0,,,,,,
TR592,"Sociology/Middle Eastern,Jewish and Islamic Civilisations",531,539.0,,,,,,
TR597,Mathematics/Modern Language,613,613.0,566,625.0,,,,
TR598,Mathematics/Music,625,625.0,566,,,,,
TR599,Mathematics/Philosophy,625,625.0,566,589.0,,,,
TR629,Music/Philosophy,533,533.0,499,,,,,
TR635,Music/Drama Studies,532,532.0,473,487.0,,,,
TR636,Music/Modern Language,530,555.0,388,455.0,,,,
TR638,Music/Religion,,,388,440.0,,,,
TR639,Philosophy/Modern Language,520,540.0,499,613.0,,,,
TR662,Philosophy/Sociology,531,542.0,499,531.0,,,,
TR663,Religion/Classical Civilisation,418,442.0,342,591.0,,,,
TR664,Religion/English Literature,966,,498,565.0,,,,
TR665,Religion/History of Art and Architecture,369,494.0,342,452.0,,,,
TR666,Religion/Modern Language,,,,,,,,
TR667,French/Modern Language,466,508.0,403,478.0,,,,
TR668,German/Modern Language,441,521.0,389,465.0,,,,
TR669,Irish/Modern Language,464,533.0,368,473.0,,,,
TR670,Italian/Modern Language,462,498.0,381,466.0,,,,
TR671,Russian/Modern Language,501,525.0,332,494.0,,,,
TR672,Spanish/Modern Language,486,552.0,336,488.0,,,,
TR756,Sociology/Modern Language,522,545.0,495,510.0,,,,
TR757,Modern Language/Social Policy,555,566.0,,,,,,
TR758,Social Policy/Political Science,566,597.0,,,,,,
TR759,Sociology/Social Policy,554,579.0,,,,,,
TR911,Children`s and General Nursing (Integrated),529,544.0,499,521.0,476*,487,463*,479
TR913,Midwifery,520,543.0,473,508.0,423,462,455*,476
DN100,Architecture,553,577.0,510,541.0,473,509,487,521
DN120,Landscape Architecture,430,484.0,407,453.0,353,403,354,401
DN130,City Planning and Environmental Policy,420,474.0,390,432.0,367,421,362,419
DN150,Engineering (Common Entry),556,601.0,520,565.0,511,554,509,554
DN200,Science (options),566,589.0,533,567.0,521,554,510,543
DN201,Computer Science (Common Entry),542,558.0,510,542.0,488,509,477,498
DN230,Actuarial and Financial Studies,613,625.0,601,613.0,577,589,565,589
DN240,Sustainability,506,532.0,440,498.0,,,,
DN250,Agricultural Science (options),440,489.0,453,488.0,420,462,444,478
DN261,Food Science,522,544.0,476,495.0,434,467,477*,490
DN262,Human Nutrition,566,577.0,531,553.0,493,510,517,533
DN300,Veterinary Medicine - Undergraduate Entry,601,613.0,589,602.0,567,589,555*,577
DN301,Veterinary Medicine - Graduate Entry (GAMSAT required),,,,,,,,
DN310,Veterinary Nursing,486,522.0,466,489.0,441,487,445,476
DN400,Medicine - Undergraduate Entry (HPAT required),743,751.0,736,748.0,735,745,731*,741
DN401,Medicine - Graduate Entry (GAMSAT required),61,63.0,58,61.0,59*,61,58*,62
DN410,Radiography,565,578.0,531,543.0,507,522,500,521
DN411,Radiography - Graduate Entry,,,,,,,,
DN420,Physiotherapy,601,613.0,568,589.0,542,555,545,565
DN425,Health and Performance Science,541,555.0,507,521.0,488,509,487*,501
DN430,Sport and Exercise Management,473,499.0,433,455.0,436,455,423,462
DN440,"Biomedical, Health and Life Sciences",613,618.0,589,601.0,565*,579,566,577
DN450,General Nursing,462,490.0,421,445.0,398,420,402,430
DN451,Children`s and General Nursing (Integrated),532,554.0,499,529.0,462*,499,475,498
DN452,Midwifery,507,511.0,473,499.0,409,452,454,477
DN453,Mental Health Nursing,441,451.0,393,412.0,379,403,387,399
DN520,Joint Honours (options),356,445.0,310,409.0,336,408,366,430
DN530,Humanities (options),359,465.0,326,419.0,348,411,AQA,358
DN541,Modern Languages (options),320,423.0,300,443.0,348,412,380,443
DN600,Law (options),566,588.0,543,566.0,520*,532,521*,541
DN610,Business and Law,566,589.0,544,577.0,521,543,531*,554
DN650,Commerce,554,567.0,521,543.0,498*,510,498*,511
DN660,Commerce International (options),554,567.0,510,531.0,507,531,509,531
DN670,Economics and Finance,625,625.0,613,625.0,601,601,589*,601
DN700,Social Sciences (options),463,509.0,418,466.0,388,441,386,454
DN710,Economics,522,544.0,498,510.0,476,488,467,488
DN720,Psychology,555,577.0,522,543.0,517,531,500,530
DN750,Social Policy and Sociology,408,441.0,377,408.0,330,366,AQA,359
DK810,Accounting and Finance,307,399.0,305,401.0,306,391,304,357
DK816,Business Studies,301,382.0,300,367.0,300,357,301,358
DK820,Computing in Games Development,309,381.0,311,348.0,307,369,305,337
DK821,Computing in Software Development,307,379.0,302,361.0,301,347,306,340
DK822,Augmented and Virtual Reality,307,340.0,304,380.0,,,,
DK830,Building Surveying,305,378.0,336,352.0,302,349,301,348
DK831,Architectural Technology,314,377.0,389,433.0,301,366,301,331
DK832,Construction Management,305,362.0,387,419.0,300,329,303,357
DK843,Engineering (Common Entry),391,466.0,340,439.0,303,402,325,424
DK844,Mechanical Engineering,336,435.0,305,448.0,,,,
DK845,Electrical and Electronic Engineering,331,434.0,304,392.0,,,,
DK846,Civil Engineering,371,465.0,361,392.0,,,,
DK850,International Tourism Management,303,417.0,317,377.0,,,,
DK861,Arts,300,347.0,302,363.0,300,358,310,344
DK862,Social Care,301,348.0,301,347.0,300,338,301,339
DK863,Creative Media,309,432.0,308,337.0,300,376,308,348
DK864,Film and Television Production,308,399.0,300,402.0,300,332,301,338
DK865,Audio and Music Production,308,404.0,301,367.0,301,346,302,327
DK870,General Nursing,433,451.0,397,419.0,392,401,380*,399
DK872,Intellectual Disability Nursing,347,368.0,336,358.0,300,317,301,346
DK874,Mental Health Nursing,391,414.0,356,379.0,356,378,339,366
DK876,Early Childhood Studies,300,357.0,321,388.0,305,359,300,348
DK877,Midwifery,470,495.0,440,470.0,398*,441,400,425
DK880,Health and Physical Activity,300,397.0,328,389.0,300,367,300,347
DK882,Agriculture (Award options),342,402.0,310,380.0,303,358,327,368
DK883,Science (Award options),302,384.0,300,370.0,300,369,301,371
DK884,Sustainable Agriculture,348,397.0,,,,,,
DK885,Agri-Food Production,,0.0,,,,,,
DK886,Biopharmaceutical Science,347,388.0,301,338.0,,,,
DK887,Environmental Science,377,440.0,330,589.0,,,,
GA181,Accounting,303,400.0,309,403.0,303,378,308,358
GA182,Business,285,369.0,287,347.0,290,347,290,347
GA183,Business Information Systems,298,358.0,296,356.0,309,373,300,378
GA184,Marketing and Sales,300,368.0,307,357.0,307,348,304,366
GA185,Finance and Economics,318,378.0,293,392.0,307,398,300,358
GA186,Business with Entrepreneurship,287,346.0,280,356.0,297,328,291,330
GA187,Rural Enterprise and Agri-Business,291,358.0,281,352.0,280,367,280,320
GA281,Film and Documentary,301,358.0,304,379.0,287,360,342,373
GA282,Heritage Studies,252,343.0,220,281.0,238,308,209,281
GA283,Contemporary Art (portfolio),790,876.0,679,870.0,260,340,254,336
GA284,Design,331,398.0,303,356.0,309,377,300,351
GA285,"Education (Art, Design and Graphics)",406,442.0,,,,,,
GA380,International Hotel Management,218,320.0,242,330.0,225,289,226,279
GA381,International Tourism Management,252,317.0,278,350.0,261,290,260,327
GA382,Culinary and Gastronomic Science,235,375.0,206,337.0,225,316,244,336
GA384,Event Management with Public Relations,230,340.0,212,328.0,209,289,209,298
GA480,Construction Management,302,359.0,260,336.0,260,312,261,318
GA482,Quantity Surveying and Construction Economics,304,388.0,288,350.0,280,340,270,340
GA483,Architectural Technology,273,361.0,265,337.0,251,321,253,338
GA484,Civil Engineering,377,421.0,290,383.0,270,362,280,383
GA580,Software and Electronic Engineering,300,388.0,300,393.0,301,351,260,349
GA680,Mechanical Engineering,400,455.0,330,401.0,336,389,330,382
GA681,Energy Engineering,312,392.0,293,366.0,281,328,260,300
GA682,Biomedical Engineering,331,413.0,313,393.0,331,383,355,394
GA683,Agricultural Engineering,304,390.0,309,385.0,301,365,305,378
GA684,Engineering Common Entry to Manu/Agri/Biomed/Energy/Mech Eng,413,456.0,340,405.0,346,406,340,405
GA685,Manufacturing Engineering Design,336,377.0,309,379.0,,,,
GA780,Applied Freshwater and Marine Biology,366,435.0,327,377.0,300,360,306,362
GA781,Applied Biology and Biopharmaceutical Science,381,442.0,337,390.0,317,376,317,387
GA782,Chemical and Pharmaceutical Science,356,398.0,336,388.0,307,346,308,360
GA783,Physics and Instrumentation,301,387.0,363,408.0,373,378,305,361
GA784,Science (Undenominated),445,466.0,372,403.0,327,377,332,372
GA785,Medical Science,510,532.0,473,500.0,451,486,451,474
GA786,Forensic Science and Analysis,408,462.0,317,387.0,300,366,316,367
GA787,Computing in Software Development,310,381.0,270,315.0,275,327,280,337
GA788,Computing and Digital Media,270,314.0,282,356.0,270,327,272,301
GA789,Agriculture and Environmental Management,340,392.0,289,371.0,297,339,301,356
GA790,Sport and Exercise Science,366,431.0,356,409.0,350,379,377,409
GA791,Public Health Nutrition,368,431.0,368,409.0,364,397,350,399
GA880,General Nursing,440,455.0,422,441.0,389*,400,399*,420
GA882,Psychiatric Nursing,369,398.0,367,377.0,346,370,336,367
GA885,Outdoor Education,269,360.0,252,262.0,210,298,176,292
GA887,History and Geography,201,288.0,244,380.0,228,296,228,289
GA889,Applied Social Care,265,339.0,266,298.0,260,297,270,319
GA890,Early Childhood Education and Care,227,336.0,270,327.0,278,319,,
GA891,Geography and Outdoor Education,261,366.0,244,391.0,,,,
GA892,Community Development and Youth Work (Level 8),,0.0,,,,,,
GA980,Education (Design Graphics and Construction),410,435.0,377,411.0,376,389,391,419
GA981,Furniture Design and Manufacture,346,385.0,,,271,350,271,349
GA982,Furniture Making and Architectural Woodworking,360,402.0,,,270,352,245,341
GA983,Furniture and Digital Manufacturing,,0.0,,,,,,
GA984,"Furniture Design, Making and Technology - Common Entry",467,498.0,284,369.0,,,,
GY101,Arts (Joint-Honours),326,423.0,300,391.0,300,374,300,376
GY104,BSc (Psychology),545,566.0,519,542.0,507,529,500,532
GY105,Arts (History),357,424.0,301,377.0,318,358,301,371
GY109,Arts (Mathematics and Education),413,487.0,403,466.0,411,487,403,454
GY110,Arts (Children and Youth Studies - options),387,440.0,357,418.0,382,409,384,418
GY111,Arts (English and Creative Writing),420,518.0,330,492.0,402,472,420,493
GY113,Arts with Human Rights,413,477.0,368,422.0,338,409,320,400
GY115,Arts with Performing Arts Studies,300,393.0,387,443.0,328,367,319,380
GY118,"Arts (Drama, Theatre and Performance Studies)",430,476.0,451,492.0,410,451,406,440
GY119,Arts (Journalism),473,521.0,400,465.0,410,475,388,451
GY122,Na Dána (Cumarsáid agus Gaeilge),410,496.0,361,453.0,308,399,301,389
GY123,Applied Social Sciences,419,451.0,358,410.0,357,388,350,390
GY125,Arts (Digital Arts and Technology),403,444.0,328,347.0,324,379,361,378
GY127,Arts (Film and Digital Media),421,488.0,401,462.0,387,435,420,454
GY128,Arts (Global Languages),346,468.0,352,476.0,370,440,429,476
GY129,Arts (Global Experience),465,522.0,420,462.0,408,477,431,465
GY130,Arts (Music),462,498.0,408,495.0,400,444,462,484
GY132,"Government (Politics, Economics and Law)",451,495.0,407,435.0,402,444,,
GY133,Education (Computer Science and Mathematical Studies),454,476.0,422,498.0,401,466,,
GY134,Geography and Geosystems,425,476.0,410,445.0,,,,
GY135,Arts (Global Media),442,484.0,,,,,,
GY136,Na Dána (Léann Teanga - options),526,526.0,,,,,,
GY201,Commerce,476,499.0,433,466.0,420,453,420,445
GY202,Commerce (International) with French,520,548.0,484,511.0,484,513,484,498
GY203,Commerce (International) with German,518,532.0,489,566.0,489,541,477,498
GY204,Commerce (International) with Spanish,506,531.0,495,511.0,484,500,473,487
GY206,Business Information Systems (Work Placement and Optional Int`l Study),509,544.0,465,488.0,431,445,430,465
GY207,Commerce (Accounting) including optional Global Experience year,543,578.0,509,543.0,486,510,473,507
GY208,Commerce (Gaeilge),508,547.0,473,511.0,473,488,451,498
GY209,Commerce (Global Experience),551,578.0,530,554.0,509,531,509,531
GY250,Law and Business,510,541.0,487,510.0,436,467,409,440
GY251,Law (BCL),542,554.0,499,518.0,473,498,451,484
GY252,Law (BCL) and Human Rights,565,567.0,520,541.0,510,521,,
GY253,Law and Taxation,506,531.0,509,543.0,,,,
GY254,"Law (BCL), Criminology and Criminal Justice",548,566.0,530,554.0,,,,
GY261,Business Studies in International Hotel Management (interview),503,647.0,497,611.0,486,615,496,603
GY262,Commerce in International Hotel Management (interview),709,743.0,681,724.0,671,726,657,705
GY301,Science,488,529.0,432,487.0,400,456,401,455
GY303,Biomedical Science,613,613.0,556,589.0,533,566,531,555
GY304,Biotechnology,495,522.0,465,498.0,473,507,454,485
GY308,Environmental Science,430,473.0,408,484.0,413,440,402,454
GY309,Financial Mathematics and Economics,509,565.0,487,532.0,454,498,476,520
GY310,Marine Science,467,499.0,419,476.0,409,456,421,475
GY313,Environmental Health and Safety,412,452.0,412,440.0,402,435,367,390
GY314,Earth and Ocean Sciences,422,463.0,403,444.0,402,425,400,431
GY318,Biopharmaceutical Chemistry,555,581.0,509,542.0,510,532,487,510
GY319,Mathematical Science,543,589.0,476,566.0,456,531,450,520
GY320,"Physics (Degree options: Applied,Astrophysics,Biomedical,Theoretical)",465,533.0,402,478.0,401,487,432,488
GY321,Genetics and Genomics,532,565.0,508,532.0,,,,
GY322,Agricultural Sciences,485,518.0,,,,,,
GY350,Computer Science and Information Technology,495,521.0,403,454.0,425,466,401,466
GY401,Engineering (Undenominated),520,555.0,465,511.0,444,499,432,485
GY402,Civil Engineering,521,545.0,455,499.0,509,543,455,498
GY405,Mechanical Engineering,541,589.0,454,509.0,443,499,414,478
GY406,Electronic and Computer Engineering,555,566.0,510,544.0,509,547,466,520
GY408,Biomedical Engineering,554,578.0,509,554.0,519,543,487,532
GY410,Project and Construction Management,431,455.0,403,456.0,434,464,402,441
GY413,Energy Systems Engineering,509,543.0,502,531.0,532,589,454,476
GY414,Electrical and Electronic Engineering,433,476.0,405,429.0,454,487,425,480
GY501,"Medicine (five year/six year course, HPAT required)",737,740.0,728,731.0,726*,731,724*,729
GY502,Occupational Therapy,601,602.0,555,567.0,532,543,521,543
GY503,Speech and Language Therapy,578,590.0,543,554.0,529,543,529,543
GY504,Podiatric Medicine,510,533.0,443,476.0,434,463,391,454
GY515,General Nursing (Galway and Portiuncula),476,507.0,473,496.0,442,466,445,465
GY516,Mental Health Nursing,412,451.0,440,467.0,388,413,401,419
GY517,Midwifery,507,532.0,495,518.0,429,468,445,477
LY108,Business - Accounting,312,432.0,309,431.0,318,399,303,361
LY118,Business,288,387.0,290,377.0,287,352,283,328
LY128,Marketing with Online Technologies,261,369.0,,,,,,
LY208,Law,290,388.0,300,367.0,300,359,270,318
LY228,Sports and Exercise - Common Entry,290,379.0,300,367.0,278,330,263,317
LY408,Design - Common Entry,301,380.0,320,381.0,307,368,290,357
LY508,Fire Safety Engineering,283,352.0,276,326.0,270,299,242,274
LY518,Quantity Surveying,304,387.0,301,368.0,307,368,316,342
LY528,Construction Management,262,298.0,271,321.0,267,291,260,298
LY538,Architectural Technology,234,403.0,,,,,,
LY608,Mechanical Engineering,300,390.0,300,379.0,304,333,300,368
LY618,Electronic Engineering,321,368.0,312,402.0,307,339,,
LY708,Applied Computing,320,430.0,306,372.0,300,348,307,371
LY748,Computer Science,316,421.0,317,420.0,,,,
LY818,Science - Common Entry,302,411.0,303,409.0,302,371,307,369
LY828,Agriculture - Common Entry,300,360.0,307,351.0,300,342,301,329
LY908,General Nursing,429,441.0,400,423.0,383,390,373,389
LY918,Psychiatric Nursing,361,399.0,357,387.0,291*,332,318*,346
LY928,Intellectual Disability Nursing,342,386.0,328,346.0,288,299,297,318
LY968,"Early Childhood Care, Health and Education",288,380.0,303,361.0,300,336,279,328
LY978,Health and Social Care - Common Entry,279,347.0,280,330.0,260,299,269,316
MI001,Contemporary and Applied Theatre Studies,209,484.0,390,412.0,345,381,290,332
MI002,Arts,280,408.0,281,389.0,300,378,320,388
MI004,Education - Primary Teaching - International,589,601.0,577,589.0,,,,
MI005,Education - Primary Teaching,522,554.0,495,521.0,473*,506,474,499
MI006,Education - Primary Teaching - Gaeltacht Applicants,485,522.0,462,519.0,442,473,441,473
MI007,Early Childhood Care and Education,409,462.0,357,409.0,366,402,356,399
MI008,Education and Psychology - Primary Teaching,590,602.0,588,601.0,543,555,552,566
MI009,"Education, Business Studies and Accounting",434,477.0,402,455.0,392,420,367,408
MI010,"Education, Business Studies and Religious Studies",370,412.0,368,389.0,326,355,326,347
MI011,"Education, Gaeilge and Religious Studies",407,444.0,409,451.0,377,387,377,397
MI012,"Education, Gaeilge and Business Studies",387,451.0,401,463.0,398,440,387,429
MI013,"Education, Mathematics and Gaeilge",509,543.0,444,477.0,433,465,,
MI014,"Education, Mathematics and Business Studies",476,531.0,434,487.0,,,,
CI110,Counselling and Psychotherapy,292,368.0,310,392.0,,,,
CI111,Counselling and Psychotherapy with Addiction Studies,290,356.0,301,319.0,,,,
CI112,Counselling and Psychotherapy with Youth Studies,325,388.0,311,311.0,,,,
LC110,"Art and Design (Common Entry, portfolio)",794,981.0,740,961.0,734,918,718,903
LC114,Fashion and Textiles for Product and Costume (portfolio),914,933.0,880,1029.0,900,988,779,801
LC115,"Art and Design Teacher Education (LIT and UL, portfolio)",993,1058.0,942,1013.0,,,,
LC220,Digital Marketing,263,322.0,262,298.0,254,288,309,367
LC223,Law and Taxation,331,410.0,307,356.0,308,372,307,357
LC224,Accounting and Finance,300,356.0,300,371.0,299,382,297,352
LC225,Marketing and Management,298,376.0,298,358.0,298,337,326,368
LC226,Enterprise and Innovation,255,327.0,234,310.0,216,298,234,262
LC233,Software Development,280,348.0,272,339.0,300,371,272,314
LC234,Immersive Digital Media and Spatial Computing,226,342.0,225,307.0,219,288,254,300
LC236,Internet Systems Development,260,305.0,260,272.0,298,319,308,320
LC239,Computer Networks and Systems Management,317,378.0,309,371.0,335,347,300,338
LC241,Construction Management,326,387.0,255,338.0,276,303,271,326
LC242,Property Valuation and Management,308,377.0,282,320.0,292,328,298,347
LC243,Quantity Surveying,278,359.0,298,362.0,281,360,302,358
LC248,Built Environment (Common Entry),300,357.0,288,376.0,307,350,302,346
LC252,Civil Engineering Management,264,338.0,270,308.0,281,331,288,311
LC263,Medical Technology,391,455.0,294,359.0,282,359,,
LC265,Forensic and Pharmaceutical Sciences,498,528.0,413,476.0,335,368,341,389
LC266,Drug and Medicinal Product Analysis,252,368.0,262,300.0,236,299,263,316
LC275,Electrical Engineering,347,382.0,298,384.0,288,340,284,328
LC288,Mechanical Engineering,369,432.0,346,415.0,307,360,301,357
LC289,Precision Engineering,261,357.0,291,350.0,280,369,,
LC292,Social Care Work,374,410.0,367,389.0,360,389,326,357
LC293,Business Studies with Travel and Tourism Management,264,356.0,307,356.0,299,326,290,318
LC294,Business Studies with Event Management,279,356.0,279,347.0,271,300,270,316
LC295,Business Studies with Sports Management,262,320.0,252,313.0,263,298,271,318
LC297,Community and Addiction Studies,262,316.0,235,298.0,217,269,241,281
LC320,Business,381,408.0,346,388.0,337,378,,
LC330,Business with Computing,308,367.0,297,378.0,298,326,303,339
LC340,Interior Design,368,420.0,350,391.0,298,349,,
LC362,Biotechnology and Biopharmaceutical Sciences,429,463.0,413,440.0,379,402,,
LC371,Creative Broadcast and Film Production,310,387.0,309,378.0,298,339,307,328
LC372,Music Technology and Production,377,454.0,325,402.0,321,369,338,398
LC374,Renewable and Electrical Energy Engineering,319,401.0,318,410.0,317,368,313,359
LC375,Industrial Automation and Robotic Systems,309,383.0,317,392.0,321,368,309,358
LC376,Electronic Engineering with Computer Systems,357,378.0,318,358.0,308,346,353,383
LC380,Automotive Engineering and Transport Management,298,340.0,298,337.0,282,329,,
LC392,Business Studies in Beauty and Spa Management,317,358.0,236,328.0,217,318,,
LC393,Early Childhood Education and Care,276,339.0,236,307.0,260,309,,
LC402,Social Care Work,228,306.0,225,288.0,209,290,307,316
LC408,Environmental Science and Climate,279,347.0,279,348.0,262,346,300,402
LC416,Business,260,300.0,274,391.0,,,,
LC418,Computing - Games Design and Development,256,320.0,270,338.0,271,318,269,302
LC422,Applied Strength and Conditioning,289,359.0,298,347.0,288,333,298,336
LC502,Game Art and Design (portfolio),841,1018.0,852,1024.0,838,950,741,869
LC517,Creative Media and Design,279,413.0,234,327.0,229,273,246,306
LC518,Digital Animation Production (portfolio),807,977.0,808,939.0,816,962,796,917
LC612,Social Care Work,309,348.0,320,343.0,319,338,,
LM002,Arts,360,423.0,348,410.0,329,388,363,403
LM019,Social Sciences,451,507.0,,,,,,
LM020,Law and Accounting,474,520.0,465,499.0,436,476,440,465
LM026,Performing Arts (audition format TBC),329,451.0,303,401.0,307,367,302,403
LM028,Criminal Justice,420,454.0,418,440.0,387,409,400,422
LM029,Law Plus,530,554.0,490,521.0,473,499,477,500
LM038,Psychology and Sociology,530,533.0,500,507.0,478,489,484,495
LM039,Journalism and Digital Communication,432,473.0,402,455.0,388,430,410,462
LM040,European Studies,409,521.0,369,488.0,350,462,378,440
LM044,Applied Languages,429,485.0,442,499.0,404,473,430,473
LM050,Business Studies (options),451,489.0,431,476.0,419,455,423,462
LM056,International Business,555,589.0,528,555.0,511,543,510,534
LM058,Financial Mathematics,468,531.0,403,521.0,434,543,466,521
LM063,Technology Management,410,452.0,379,419.0,372,409,372,408
LM066,Environmental Science,430,478.0,,,,,,
LM068,Food Science and Health,464,495.0,421,454.0,400,430,408,444
LM076,Product Design and Technology (portfolio required),401,499.0,408,487.0,402,466,420,468
LM077,Aeronautical Engineering,567,601.0,520,554.0,469,531,466,509
LM082,Construction Management and Engineering,446,480.0,398,434.0,368,404,358,392
LM089,Sport and Exercise Sciences,498,533.0,474,489.0,441,466,451,473
LM090,Physical Education with concurrent Teacher Education,544,577.0,532,565.0,498*,520,495,520
LM091,Languages with concurrent Teacher Education,506,541.0,517,543.0,,,,
LM092,Science with Teacher Ed (Biology with Physics/Chemistry/Ag Science),521,555.0,507,531.0,478,509,465,487
LM093,Equine Science,367,431.0,339,412.0,338,381,308,399
LM094,Materials and Architectural Technology with concurrent Teacher Education,475,501.0,440,478.0,405,433,398,434
LM095,Materials and Engineering Technology with concurrent Teacher Education,425,452.0,367,421.0,358,409,358,404
LM096,Science with Teacher Ed (Physical Sciences with Chemistry and Physics),454,488.0,405,454.0,382,422,382,419
LM097,Mathematics and Computer Science with concurrent Teacher Education,465,499.0,402,509.0,,,,
LM099,Architecture,520,543.0,498,532.0,419,473,403,473
LM100,Physiotherapy,601,613.0,589,601.0,565*,577,566,577
LM101,Medicine  - Graduate Entry (GAMSAT required),57,59.0,55,57.0,55*,57,54*,56
LM102,Psychology,534,565.0,509,529.0,495,519,499,530
LM103,Paramedic Studies (Full B/Provisional C1 Drivers Licence),429,455.0,392,445.0,313,403,373,422
LM105,Exercise and Health Fitness Management,441,473.0,,,,,,
LM115,Chemical and Biochemical Engineering,476,520.0,454,532.0,456,520,476,532
LM116,Engineering (Biomedical/Civil/Design and Manufacture/Mechanical),498,544.0,476,521.0,434,498,422,489
LM118,Electronic and Computer Engineering,445,487.0,403,489.0,401,498,411,498
LM121,Computer Science (Computer Systems/Games Dev/Mobile Comm Security),402,461.0,351,423.0,352,420,332,394
LM122,Creative Media and Interaction Design (Digital Design/Music Media Tech),382,467.0,327,401.0,330,430,337,390
LM123,Biological and Chemical Sc. (Biosci/Envir Sci/Ind Bio/Pharma and In,498,533.0,441,478.0,412,455,400,465
LM124,Mathematics (Math Science/Maths and Physics/Economics and Maths),455,532.0,437,509.0,e)427,521,433,510
LM125,Physics (Applied Physics or Mathematics and Physics),489,577.0,404,520.0,405,509,421,509
LM150,General Nursing,474,496.0,475,498.0,440*,463,445,476
LM152,Mental Health Nursing,440,476.0,419,430.0,388,418,402,414
LM154,Intellectual Disability Nursing,433,474.0,440,473.0,381*,408,430,454
LM156,Midwifery,498,521.0,469,499.0,429,444,430*,462
MU001,Theology and Arts,291,332.0,290,349.0,290,318,300,329
MU002,Theology,411,411.0,440,440.0,292,377,337,337
MH001,Education - Primary Teaching (Froebel),556,578.0,507,531.0,496*,520,499,519
MH002,Education - Primary Teaching - Gaeltacht Applicants (Froebel),,,,,441*,,474,474
MH003,Early Childhood - Teaching and Learning (full-time),381,430.0,,,,,,
MH101,Arts,336,409.0,318,388.0,316,369,317,369
MH103,Music,,,,,,367,,398
MH106,Psychology - 3 years,552,555.0,521,529.0,495,499,473,495
MH107,Social Science,390,440.0,346,388.0,326,349,346,367
MH109,Media Studies,324,393.0,316,377.0,317,377,317,382
MH116,Community and Youth Work (Full-Time),,,,,,271,,299
MH201,Science,397,456.0,360,418.0,350,392,350,399
MH202,Biotechnology,489,509.0,455,466.0,429,446,429,440
MH203,Biological and Geographical Sciences,451,477.0,430,465.0,,,,
MH204,Physics with Astrophysics,422,499.0,422,479.0,420,488,425,476
MH206,Theoretical Physics and Mathematics,521,578.0,510,533.0,498,566,509,565
MH207,Data Science,444,510.0,445,520.0,434,466,,
MH208,Biological and Biomedical Sciences,533,554.0,498,510.0,451,476,441,473
MH209,Psychology (through Science) - 4 years,517,531.0,498,510.0,473,485,467,487
MH210,Pharmaceutical and Biomedical Chemistry,510,532.0,487,520.0,446,466,446,465
MH212,Science|Maths and Computer Science|Mathematics (with Education),434,498.0,422,487.0,444,476,432,465
MH304,Engineering (Computer/Electronic/Communications),351,454.0,333,444.0,371,423,351,435
MH305,Product Design,326,397.0,357,409.0,358,411,356,392
MH306,Robotics and Intelligent Devices,362,445.0,361,433.0,361,424,351,388
MH401,Finance (options),370,418.0,357,398.0,352,392,353,391
MH402,Quantitative Finance,476,521.0,476,509.0,476,487,,
MH403,Accounting and Finance,424,473.0,422,468.0,402,432,400,443
MH404,Business (options),441,473.0,430,454.0,400,429,400,430
MH407,Business and Accounting,423,473.0,420,462.0,401,420,401,433
MH411,Entrepreneurship,378,409.0,371,408.0,358,388,357,380
MH501,LLB Law - four year Single Major Law programme,507,531.0,473,495.0,451,476,451,477
MH502,Law (options),465,498.0,451,473.0,410,442,420,444
MH601,Computer Science through Arts (options),381,423.0,352,403.0,342,369,340,377
MH602,Computer Science through Science (options),400,444.0,351,409.0,357,413,351,398
MH603,Computational Thinking,520,579.0,532,544.0,520,543,498,569
MH801,Early Childhood - Teaching and Learning (part-time),AQA,319.0,327,378.0,347,358,356,387
MH802,"Community and Youth Work (part-time, in service)",,,,,,,,
MH803,"Local Studies/Community Studies (part-time, evening) - Mature Students",,,,,,,,
AS001,"Education, Home Economics and Biology - with concurrent Teacher Ed",532,555.0,518,544.0,456*,497,462*,477
AS002,"Education, Home Economics and Religious Ed - with concurrent Teacher Ed",441,476.0,434,466.0,400*,433,433,444
AS003,"Education, Home Economics and Irish - with concurrent Teacher Ed",440,487.0,440,484.0,421,457,409,451
AS051,"Nutrition, Food and Business Management",291,418.0,317,398.0,337,399,252,357
AS054,Home Economics,368,430.0,398,429.0,387,401,,
AS110,General Nursing,422,445.0,419,431.0,391*,409,388*,408
AS130,Intellectual Disability Nursing,348,387.0,317,339.0,317,338,328,357
SG141,Business,262,346.0,261,347.0,252,317,252,290
SG145,Business and ICT,279,411.0,,,,,,
SG146,Accounting,304,403.0,309,411.0,307,347,318,372
SG147,Sport with Business,288,340.0,307,367.0,269,316,270,309
SG148,Tourism with Event Management,298,328.0,269,340.0,246,282,253,280
SG150,Business in Marketing,298,360.0,,,,,,
SG241,Performing Arts,341,393.0,328,387.0,279,348,288,347
SG242,Early Childhood Care and Education,287,368.0,279,319.0,278,318,272*,316
SG243,Social Care Practice,309,357.0,301,346.0,297,338,301,337
SG244,Fine Art,501,643.0,505,505.0,355,496,446,446
SG245,Creative Design,332,357.0,282,339.0,261,338,252,307
SG246,Computing,316,402.0,290,333.0,295,368,258,293
SG247,English and Psychology,319,357.0,309,382.0,308,336,297,322
SG248,Sociology and Politics,298,328.0,281,327.0,282,320,279,300
SG249,Writing and Literature,308,409.0,297,368.0,279,338,272,290
SG252,Software Development,310,413.0,307,319.0,300,354,260,317
SG253,Computing in Computer Networks and Cyber Security,336,374.0,378,378.0,273,341,272,309
SG254,Writing and Literature Online,327,393.0,225,328.0,,,,
SG255,Law and Business,291,398.0,,,,,,
SG341,General Engineering,373,467.0,,,,,,
SG342,Civil Engineering,418,498.0,415,480.0,,,,
SG343,Quantity Surveying,300,385.0,311,367.0,261,302,261,309
SG344,Mechanical Engineering,412,509.0,,,,,,
SG346,Construction Project Management and Applied Technology,313,362.0,291,337.0,289,351,,
SG347,Architecture,403,462.0,360,411.0,309,357,300,344
SG348,Interior Architecture and Design,359,410.0,331,368.0,,,,
SG349,Electronics and Self Driving Technologies,,0.0,,,,,,
SG350,Robotics and Automation,384,478.0,,,,,,
SG442,Occupational Safety and Health,307,360.0,290,367.0,289,330,290,300
SG443,Human Nutrition,376,440.0,356,397.0,357,419,367,420
SG444,Science Undenominated,358,430.0,338,420.0,308,369,296,371
SG445,Pharmaceutical Science with Drug Development,357,401.0,311,367.0,347,369,319,343
SG447,Health Science and Physical Activity,326,389.0,328,387.0,316,363,321,373
SG448,Forensic Investigation and Analysis,308,376.0,307,368.0,306,348,307,357
SG449,Medical Biotechnology,315,403.0,341,395.0,329,352,349,380
SG450,Environmental Science with Ecology (Level 8),310,430.0,304,368.0,,,,
TL801,"Animation, Visual Effects and Motion Design (Level 8, portfolio)",718,823.0,281,349.0,281,341,281,346
TL802,"TV, Radio and New Media (Level 8)",322,413.0,325,397.0,306,356,288,329
TL810,Computing with Software Development,308,399.0,310,389.0,309,341,331,388
TL811,Computing with Games Development,322,342.0,358,,310,334,326,326
TL815,Computing (Degree Award options),307,453.0,308,360.0,308,378,319,590
TL823,Event Management (3 year programme),293,369.0,299,369.0,291,346,306,339
TL831,Business Studies (Major Specialism in: Acctng or Mktg or Mgmnt),306,408.0,306,381.0,307,372,300,377
TL842,Construction Management,,0.0,,,,,,
TL844,Agricultural Engineering,301,392.0,300,373.0,311,368,300,337
TL845,Civil Engineering,361,395.0,325,413.0,300,364,300,350
TL847,Manufacturing Engineering,305,338.0,302,368.0,,,309,347
TL848,Agricultural Science,307,367.0,308,380.0,331,362,330,388
TL851,Wildlife Biology (Degree Award options),309,400.0,309,383.0,310,362,300,379
TL855,Pharmaceutical Science (Degree Award options),316,419.0,317,369.0,342,386,316,336
TL858,Veterinary Bioscience,317,402.0,308,393.0,326,369,326,398
TL871,Health and Leisure (Degree Award options),303,389.0,300,379.0,303,346,303,347
TL872,Health and Leisure with Massage,314,381.0,309,408.0,288,357,288,318
TL873,Coaching and Sports Performance,308,371.0,289,329.0,282,336,,
TL874,Inclusive Sport and Physical Activity,341,476.0,,,,,,
TL880,Early Childhood Care and Education,309,369.0,307,349.0,307,347,306,328
TL881,Social Care,301,377.0,309,362.0,308,356,318,349
TL889,Counselling with Addiction - Mature applicants only,,0.0,,,,,,
TL890,General Nursing and Mature Applicants,463,484.0,414,441.0,407,431,401,419
TL891,Mental Health Nursing and Mature Applicants,412,430.0,378,399.0,367*,379,389,398
WD001,Applied Computing (options),261,423.0,260,413.0,279,358,288,369
WD002,Science (options),279,388.0,308,388.0,302,377,308,359
WD005,Health Sciences (options),271,368.0,280,338.0,288,347,290,349
WD006,Exercise Sciences (options),270,357.0,280,359.0,282,337,287,337
WD007,Engineering (options),270,432.0,288,409.0,287,382,,
WD025,Construction Management and Engineering,262,357.0,269,341.0,269,327,264,322
WD027,Music,321,437.0,262,409.0,290,317,262,338
WD048,Business (options),279,387.0,271,371.0,278,357,279,347
WD084,Accounting,308,476.0,308,411.0,307,403,308,362
WD091,Hospitality Management,225,337.0,228,310.0,210,281,271,297
WD116,General Nursing,446,473.0,422,451.0,413,430,414,430
WD117,Psychiatric Nursing,415,430.0,366,388.0,361,382,378*,393
WD120,Intellectual Disability Nursing,390,404.0,377,388.0,338,359,356,375
WD134,International Business,267,368.0,290,362.0,289,350,288,329
WD137,Design (Visual Communications),252,360.0,271,351.0,253,373,280,343
WD140,Laws,280,394.0,280,367.0,290,352,290,367
WD144,Architecture,309,401.0,284,359.0,283,385,283,387
WD147,Pharmaceutical Science,288,402.0,293,390.0,298,363,306,367
WD150,Criminal Justice Studies,280,359.0,270,331.0,271,311,270,319
WD152,Visual Art,243,359.0,AQA,317.0,253,323,264,357
WD161,Computer Forensics and Security,270,347.0,255,380.0,262,401,288,358
WD162,Quantity Surveying,226,337.0,216,306.0,260,320,270,352
WD163,Psychology,456,487.0,434,473.0,390,429,392,430
WD186,Sports Coaching and Performance,261,358.0,270,344.0,276,327,290,318
WD187,Social Science,276,367.0,272,348.0,271,321,271,328
WD191,Agricultural Science,377,434.0,377,420.0,378,421,403,429
WD192,Social Care Practice,271,336.0,270,326.0,279,323,280,319
WD193,Marketing and Digital Media,279,358.0,271,347.0,290,358,295,348
WD194,Culinary Arts,237,321.0,217,321.0,235,331,282,320
WD195,Architectural and Building Information Modelling Technology,279,367.0,279,367.0,266,305,270,360
WD200,Arts (options),201,376.0,AQA,336.0,221,296,220,299
WD210,Software Systems Development,260,373.0,279,337.0,271,329,289,327
WD211,Creative Computing,270,392.0,271,318.0,275,322,265,326
WD212,Recreation and Sport Management,262,304.0,270,349.0,274,311,288,338
WD230,Mechanical and Manufacturing Engineering,230,361.0,253,369.0,273,348,,
WD231,Early Childhood Care and Education,266,366.0,,,,,,
WD232,Business Information Systems,261,329.0,,,,,,
CR126,Popular Music: Drums at CIT Cork School of Music,,,801,940.0,878,1043,697,907
CR127,Popular Music: Electric Guitar at CIT Cork School of Music,,,768,978.0,584,761,704,820
CR128,Popular Music: Keyboards at CIT Cork School of Music,,,840,881.0,839,1009,708,969
CR129,Popular Music: Voice at CIT Cork School of Music,,,841,966.0,857,927,607,936
DB516,Financial Services,,,,,328,336,234,270
DC201,Common Entry into Science (Undenominated Entry),,,488,499.0,454,477,476,489
DC239,"Gaeilge, Iriseoireacht agus na Meáin Dhigiteacha",,,430,473.0,,,350,425
DK860,Music (audition),,,503,634.0,499,649,,
DL821,"English, Media and Cultural Studies",,,212,347.0,211,317,226,340
DL828,"3D Design, Modelmaking and Digital Art",,,538,920.0,691,866,597,853
DL829,Design for Stage and Screen (Costume Design),,,593,947.0,817,1021,597,799
DL830,Design for Stage and Screen (Character Makeup Design),,,939,968.0,879,953,577,920
DL831,Design for Stage and Screen (Production Design),,,781,1026.0,893,1073,944,977
DL834,Film and Television Production,,,990,1040.0,933,1011,942,1004
DN252,Dairy Business,,,410,455.0,398,428,429,445
DN253,Agri - Environmental Sciences,,,413,443.0,403,419,396,409
DN271,Forestry,,,311,359.0,303,361,321,367
DN272,"Horticulture, Landscape and Sportsturf Management",,,282,378.0,252,312,AQA,321
GC305,International Hospitality Management,,,253,253.0,327,327,258,300
GY107,Na Dána (Gaeilge agus Léann an Aistriúcháin),,,409,456.0,330,397,308,398
GY112,Arts with Film Studies,,,321,399.0,338,370,337,370
GY120,"Arts (Child, Youth and Family: Policy and Practice)",,,350,397.0,309,346,308,347
GY121,Arts (Children`s Studies),,,356,419.0,356,389,350,378
GY124,Arts (Arts with Data Science),,,454,490.0,434,466,425,509
GY126,Arts (English and Media Studies),,,391,462.0,418,451,408,430
GY131,Arts (History and Globalisation Studies),,,360,440.0,340,431,,
LC401,Early Childhood Education and Care,,,297,298.0,298,387,,
LC414,Data Analytics and Cyber Security,,,236,336.0,,,,
LC434,Environmental Science and Agriculture,,,297,349.0,278,347,299,347
LC613,Early Childhood Education and Care,,,242,327.0,346,388,,
MH405,Equine Business,,,357,408.0,357,398,358,390
SG142,Business in International Marketing and Languages (French),,,279,386.0,270,388,261,357
SG144,Business in International Marketing and Languages (Spanish),,,270,347.0,280,388,268,280
SG250,Application Design and User Experience,,,412,412.0,290,431,317,354
SG251,Computing (Smart Technologies),,,342,367.0,303,391,290,371
TR012,History and Political Science,,,552,578.0,532*,557,534,564
TR017,Law and Business,,,602,613.0,576,589,577,589
TR020,Law and Political Science,,,601,613.0,567,600,578,595
TR029,Political Science and Geography,,,510,533.0,477,500,496*,522
TR082,Computer Science and Business,,,555,578.0,510,542,509*,532
TR083,Sociology and Social Policy,,,478,513.0,451,474,452,480
TR452,History/Sociology,,,529,534.0,,,,
TR755,Sociology/Drama Studies,,,498,543.0,,,,
TU803,Electronic Engineering,,,243,337.0,,,,
TU806,Sustainable Energy Engineering,,,262,318.0,,,,
TU808,Engineering Software,,,260,339.0,,,,
TU809,Mechanical Engineering,,,235,347.0,,,,
TU813,Automation Engineering,,,218,339.0,,,,
TU873,Industrial Mathematics,,,250,392.0,,,,
TU901,Business,,,270,307.0,,,,
TU908,Management,,,253,337.0,,,,
TU909,Accounting and Finance,,,285,326.0,,,,
TU911,Accounting and Finance,,,192,319.0,,,,
TU913,Business and Information Technology,,,252,299.0,,,,
TU915,International Business,,,252,302.0,,,,
TU916,International Business,,,235,337.0,,,,
TU923,Marketing Management,,,228,318.0,,,,
TU966,Languages and English Studies,,,434,466.0,,,,
TU971,Contemporary Visual Culture,,,290,320.0,,,,
TU972,Creative and Cultural Industries,,,281,369.0,,,,
TU986,Print Media Technology and Management,,,289,300.0,,,,
TU993,Early Childhood Care and Education,,,270,311.0,,,,
TU994,Early Childhood Care and Education,,,230,304.0,,,,
WD149,Early Childhood Studies,,,271,368.0,288,336,288,340
AL853,Accounting and Law,,,,,305,320,377,397
CW178,Sport Science (options),,,,,399,424,390,412
CK116,Sports Studies and Physical Education,,,,,499,520,487,507
CK502,Food Marketing and Entrepreneurship,,,,,433,456,445,473
CK506,International Development and Food Policy,,,,,367,410,367,430
DC005,Education - Primary Teaching - Irish Sign Language,,,,,316,316,,
DC167,Physics with Astronomy,,,,,434,477,444,477
DC171,Applied Physics,,,,,402,433,413,465
DC173,Physics with Biomedical Sciences,,,,,402,458,466,487
DT001,Product Design,,,,,433,464,441,466
DT028,Transport Operations and Technology,,,,,279,348,264,327
DT035,Electrical Services and Energy Management,,,,,293,340,289,329
DT066,Engineering (General Entry),,,,,400,457,372,444
DT101,Architecture (test and interview),,,,,618,647,616,643
DT106,Planning and Environmental Management,,,,,312,337,290,330
DT110,Property Economics (Valuation Surveying),,,,,367,424,381,420
DT111,Quantity Surveying and Construction Economics,,,,,391,421,377,409
DT112,Geographic Science,,,,,287,335,282,338
DT117,Construction Management,,,,,356,373,346,371
DT175,Architectural Technology,,,,,388,425,358,401
DT201,Science (General Entry),,,,,464,477,456,466
DT203,Analytical Chemistry (Environmental Forensic and Pharmaceutical),,,,,341,403,326,382
DT204,Biomedical Science,,,,,501,512,498,510
DT205,Mathematical Sciences,,,,,315,363,297,375
DT206,Biomedical and Molecular Diagnostics,,,,,473,487,445,462
DT211,Computer Science (Infrastructure),,,,,381,414,356,392
DT220,Industrial Mathematics,,,,,300,317,250,362
DT221,Physics with Energy and Environment,,,,,348,436,323,378
DT222,Physics Technology,,,,,321,371,306,402
DT223,Human Nutrition and Dietetics,,,,,553,566,556,567
DT224,Optometry,,,,,487,529,475,489
DT225,Public Health Nutrition,,,,,440,476,455,473
DT227,Science with Nanotechnology,,,,,312,361,309,361
DT228,Computer Science,,,,,451,466,434,462
DT229,Clinical Measurement Science,,,,,491,509,454,478
DT235,Physics with Medical Physics and Bioengineering,,,,,357,403,361,420
DT282,Computer Science (International),,,,,377,402,350,387
DT299,Chemical Sciences with Medicinal Chemistry,,,,,420,445,441,465
DT302,Business Analytics,,,,,325,403,330,391
DT304,E-Commerce in Retailing,,,,,341,388,351,388
DT321,Business and Law,,,,,462,478,463,476
DT341,Marketing,,,,,400,419,408,424
DT343,Retail and Services Management,,,,,301,332,301,336
DT354,Business Computing,,,,,322,341,341,369
DT358,Logistics and Supply Chain Management,,,,,300,359,316,349
DT365,Business and Management,,,,,440,456,445,463
DT366,Accounting and Finance,,,,,432,454,440,462
DT398,Human Resource Management,,,,,375,388,375,409
DT399,Economics and Finance,,,,,437,465,443,462
DT401,International Hospitality Management,,,,,300,337,304,338
DT405,Culinary Science,,,,,308,377,308,399
DT407,Culinary Arts,,,,,271,342,280,339
DT412,Tourism Marketing,,,,,284,322,280,319
DT413,Event Management,,,,,356,389,357,388
DT416,Culinary Entrepreneurship,,,,,275,339,280,342
DT420,Nutraceuticals in Health and Nutrition,,,,,392,432,401,434
DT421,Food Innovation,,,,,321,366,326,371
DT422,Pharmaceutical Healthcare,,,,,397,423,397,424
DT491,Environmental Health,,,,,343,380,305,378
DT501,Music,,,,,383,520,415,545
DT504,Film and Broadcasting,,,,,443,467,445,468
DT506,Commercial Modern Music,,,,,468,835,540,836
DT508,Game Design,,,,,403,454,387,420
DT517,Languages and English Studies,,,,,326,419,283,388
DT518,Languages and International Tourism,,,,,307,357,298,345
DT529,Drama (Performance),,,,,371,519,372,489
DT532,Law (LL.B.),,,,,422,441,419,441
DT533,Contemporary Visual Culture,,,,,,,272,326
DT544,Interior Design,,,,,552,866,730,888
DT545,Design - Visual Communication,,,,,667,897,880,950
DT546,Fine Art,,,,,668,813,628,762
DT555,International Business and Languages,,,,,353,399,350,411
DT559,Photography,,,,,700,926,660,870
DT571,Social Care,,,,,394,424,377,409
DT572,Early Childhood Education,,,,,385,403,366,389
DT582,Journalism,,,,,347,373,346,377
DT596,Print Media Technology and Management,,,,,252,311,226,293
DT597,Creative and Cultural Industries,,,,,280,369,279,326
DL835,Creative Media Technologies,,,,,237,289,226,291
GC405,International Hospitality Management (Dublin),,,,,254,272,244,297
ID003,Business Studies with Chinese,,,,,,,353,353
BN101,Business,,,,,252,289,255,298
BN103,Business and Information Technology,,,,,254,290,274,336
BN104,Computing (Information Technology),,,,,260,293,261,306
BN107,Applied Social Studies in Social Care,,,,,300,328,290,310
BN108,Engineering (Common Entry with Award options),,,,,271,318,270,310
BN109,Business (Common Entry with Award options),,,,,260,279,261,299
BN110,International Business,,,,,253,308,251,300
BN111,Sports Management and Coaching,,,,,270,298,270,308
BN112,Creative Digital Media,,,,,280,329,271,312
BN113,Horticulture,,,,,289,321,245,300
BN114,Accounting and Finance,,,,,280,332,274,299
BN115,Community and Youth Development,,,,,250,298,253,279
BN117,Computer Engineering in Mobile Systems,,,,,273,311,261,292
BN118,Early Childhood Care and Education,,,,,290,320,290,316
BN119,Digital Marketing,,,,,270,308,276,290
BN120,Digital Forensics and Cyber Security,,,,,281,326,270,300
BN121,Mechatronic Engineering,,,,,276,340,270,315
BN123,"Design,Technology and Innovation",,,,,297,318,,
TA022,Creative Digital Media,,,,,260,318,253,306
TA023,Advertising and Marketing Communications,,,,,235,299,219,290
TA024,Early Childhood Care and Education,,,,,217,307,,
TA025,Social Care Practice,,,,,261,297,260,298
TA026,International Hospitality and Tourism Management,,,,,208,269,186,291
TA027,Botanical Cuisine,,,,,236,273,,
TA028,Digital Marketing Technologies,,,,,220,313,,
TA121,Accounting and Finance,,,,,202,328,210,287
TA122,Management,,,,,218,297,221,286
TA123,Marketing Management,,,,,207,284,210,282
TA125,International Business,,,,,229,300,201,289
TA221,Electronic Engineering,,,,,251,321,226,290
TA222,Mechanical Engineering,,,,,243,302,226,313
TA223,Sustainable Energy Engineering,,,,,236,305,238,301
TA224,Biomedical Design,,,,,218,324,228,327
TA225,Automation Engineering,,,,,235,288,236,360
TA226,Engineering Software,,,,,243,304,303,330
TA321,Pharmaceutical Science,,,,,261,298,252,295
TA322,Computing,,,,,200,294,237,289
TA323,Computing with IT Management,,,,,243,309,,
TA326,DNA and Forensic Analysis,,,,,300,362,280,319
TA327,Sports Science and Health,,,,,341,381,320,372
TA328,Computing with Language (French/German/Spanish),,,,,218,317,262,314
TA329,Computing with Data Analytics,,,,,218,296,274,328
NC025,Data Science,,,,,297,371,,
GA385,Retail Management,,,,,219,319,254,289
LY218,Business - with Spanish/Irish options,,,,,298,367,229,291
CI101,Counselling and Psychotherapy (Limerick),,,,,276,328,202,317
LC411,Marketing and Management (Thurles),,,,,226,300,316,357
SG149,Business in Finance and Investment,,,,,262,357,272,366
SG441,Environmental Science,,,,,297,358,288,340
SG446,Applied Archaeology,,,,,289,290,330,346
TL803,Music Technology,,,,,264,288,261,317
TL812,Computing with Digital Media,,,,,369,369,308,387
WD148,Tourism Marketing,,,,,269,338,268,298
AL844,Toxicology and Analytical Science,,,,,,,337,421
CR312,Web Development,,,,,,,290,327
CK117,Economics (Transformational Learning) - 3 or 4 years (Int`l Pathway),,,,,,,413,444
CK210,Government,,,,,,,351,412
DB520,Business Studies (with work placement),,,,,,,243,320
DT255,Information Systems and IT (Leaving Certificate 3 Years Prior),,,,,,,309,330
GC431,Computing Science (Cloud Computing - Dublin),,,,,,,403,403
GC432,Computing Science (Software Development - Dublin),,,,,,,251,280
GC433,Computing Science (Network Management - Dublin),,,,,,,,
GC434,Computing Science (Games Development - Dublin),,,,,,,203,264
NC004,Business Information Systems,,,,,,,289,311
TR008,World Religions and Theology,,,,,,,366,425
DK817,Business Studies (Years 1 & 2 at Monaghan Inst. and final year at DKIT),,,,,,,320,347
DK881,Environmental Bioscience,,,,,,,300,327
DK890,Multimedia Web Development,,,,,,,,
GA886,Business - Mayo Campus,,,,,,,,
GA888,Sustainable Building Technology - Mayo Campus,,,,,,,308,328
GY103,Arts (Public and Social Policy),,,,,,,346,390
LC231,Business Information Systems,,,,,,,298,377
LC421,Business Studies with Sports Management (Thurles),,,,,,,243,307
LM120,Aircraft Maintenance and Airworthiness Engineering,,,,,,,430,446
MH102,Music Technology,,,,,,,317,403
MH108,European Studies,,,,,,,328,361
SG143,Business in International Marketing and Sales with German,,,,,,,245,298
SG345,Architectural Design,,,,,,,261,307
TL805,Business Information Management,,,,,,,,
TL820,Travel and Tourism Management,,,,,,,,
WD168,Entertainment Systems,,,,,,,251,351
WD197,The Internet of Things,,,,,,,260,329
